id,name,bred_for,breed_group,weight,height,life_span,temperament,origin,image
1,Affenpinscher,"Small rodent hunting, lapdog",Toy,3 - 6,23 - 29,10 - 12 years,"Stubborn, Curious, Playful, Adventurous, Active, Fun-loving","Germany, France",https://cdn2.thedogapi.com/images/BJa4kxc4X.jpg
2,Afghan Hound,Coursing and hunting,Hound,23 - 27,64 - 69,10 - 13 years,"Aloof, Clownish, Dignified, Independent, Happy","Afghanistan, Iran, Pakistan",https://cdn2.thedogapi.com/images/hMyT4CDXR.jpg
3,African Hunting Dog,A wild pack animal,Unknown,20 - 30,76,11 years,"Wild, Hardworking, Dutiful",,https://cdn2.thedogapi.com/images/rkiByec47.jpg
4,Airedale Terrier,"Badger, otter hunting",Terrier,18 - 29,53 - 58,10 - 13 years,"Outgoing, Friendly, Alert, Confident, Intelligent, Courageous","United Kingdom, England",https://cdn2.thedogapi.com/images/1-7cgoZSh.jpg
5,Akbash Dog,Sheep guarding,Working,41 - 54,71 - 86,10 - 12 years,"Loyal, Independent, Intelligent, Brave",,https://cdn2.thedogapi.com/images/26pHT3Qk7.jpg
6,Akita,Hunting bears,Working,29 - 52,61 - 71,10 - 14 years,"Docile, Alert, Responsive, Dignified, Composed, Friendly, Receptive, Faithful, Courageous",Unknown,https://cdn2.thedogapi.com/images/BFRYBufpm.jpg
7,Alapaha Blue Blood Bulldog,Guarding,Mixed,25 - 41,46 - 61,12 - 13 years,"Loving, Protective, Trainable, Dutiful, Responsible",Unknown,https://cdn2.thedogapi.com/images/33mJ-V3RX.jpg
8,Alaskan Husky,Sled pulling,Mixed,17 - 23,58 - 66,10 - 13 years,"Friendly, Energetic, Loyal, Gentle, Confident",Unknown,https://cdn2.thedogapi.com/images/-HgpNnGXl.jpg
9,Alaskan Malamute,"Hauling heavy freight, Sled pulling",Working,29 - 45,58 - 64,12 - 15 years,"Friendly, Affectionate, Devoted, Loyal, Dignified, Playful",Unknown,https://cdn2.thedogapi.com/images/dW5UucTIW.jpg
10,American Bulldog,Unknown,Working,27 - 54,56 - 69,10 - 12 years,"Friendly, Assertive, Energetic, Loyal, Gentle, Confident, Dominant",Unknown,https://cdn2.thedogapi.com/images/pk1AAdloG.jpg
11,American Bully,Family companion dog,,14 - 68,36 - 43,8 – 15 years,"Strong Willed, Stubborn, Friendly, Clownish, Affectionate, Loyal, Obedient, Intelligent, Courageous",Unknown,https://cdn2.thedogapi.com/images/sqQJDtbpY.jpg
12,American Eskimo Dog,Circus performer,Non-Sporting,9 - 18,38 - 48,12 - 15 years,"Friendly, Alert, Reserved, Intelligent, Protective",Unknown,https://cdn2.thedogapi.com/images/Bymjyec4m.jpg
13,American Eskimo Dog (Miniature),Companionship,Unknown,3 - 5,23 - 30,13 – 15 years,"Friendly, Alert, Reserved, Intelligent, Protective",Unknown,https://cdn2.thedogapi.com/images/_gn8GLrE6.jpg
14,American Foxhound,"Fox hunting, scent hound",Hound,29 - 34,53 - 71,8 - 15 years,"Kind, Sweet-Tempered, Loyal, Independent, Intelligent, Loving",Unknown,https://cdn2.thedogapi.com/images/S14n1x9NQ.jpg
15,American Pit Bull Terrier,Fighting,Terrier,14 - 27,43 - 53,10 - 15 years,"Strong Willed, Stubborn, Friendly, Clownish, Affectionate, Loyal, Obedient, Intelligent, Courageous",Unknown,https://cdn2.thedogapi.com/images/HkC31gcNm.jpg
16,American Staffordshire Terrier,,Terrier,23 - 27,43 - 48,12 - 15 years,"Tenacious, Friendly, Devoted, Loyal, Attentive, Courageous",Unknown,https://cdn2.thedogapi.com/images/rJIakgc4m.jpg
17,American Water Spaniel,Bird flushing and retrieving,Sporting,11 - 20,38 - 46,10 - 12 years,"Friendly, Energetic, Obedient, Intelligent, Protective, Trainable",Unknown,https://cdn2.thedogapi.com/images/SkmRJl9VQ.jpg
18,Anatolian Shepherd Dog,Livestock herding,Working,36 - 68,69 - 74,11 - 13 years,"Steady, Bold, Independent, Confident, Intelligent, Proud",Unknown,https://cdn2.thedogapi.com/images/BJT0Jx5Nm.jpg
19,Appenzeller Sennenhund,"Herding livestock, pulling carts, and guarding the farm",Unknown,22 - 25,51 - 56,12 – 14 years,"Reliable, Fearless, Energetic, Lively, Self-assured",Unknown,https://cdn2.thedogapi.com/images/HkNkxlqEX.jpg
21,Australian Cattle Dog,"Cattle herding, herding trials",Herding,20 - 28,43 - 51,12 - 14 years,"Cautious, Energetic, Loyal, Obedient, Protective, Brave",Unknown,https://cdn2.thedogapi.com/images/IBkYVm4v1.jpg
22,Australian Kelpie,"Farm dog, Cattle herding",Herding,14 - 21,43 - 51,10 - 13 years,"Friendly, Energetic, Alert, Loyal, Intelligent, Eager",Unknown,https://cdn2.thedogapi.com/images/Hyq1ge9VQ.jpg
23,Australian Shepherd,Sheep herding,Herding,16 - 29,46 - 58,12 - 16 years,"Good-natured, Affectionate, Intelligent, Active, Protective",Unknown,https://cdn2.thedogapi.com/images/B1-llgq4m.jpg
24,Australian Terrier,"Cattle herdering, hunting snakes and rodents",Terrier,6 - 7,25 - 28,15 years,"Spirited, Alert, Loyal, Companionable, Even Tempered, Courageous",Unknown,https://cdn2.thedogapi.com/images/r1Ylge5Vm.jpg
25,Azawakh,"Livestock guardian, hunting",Hound,15 - 25,58 - 74,10 - 13 years,"Aloof, Affectionate, Attentive, Rugged, Fierce, Refined",Unknown,https://cdn2.thedogapi.com/images/SkvZgx94m.jpg
26,Barbet,Hunting water game,Unknown,18 - 29,51 - 66,13 – 15 years,"Obedient, Companionable, Intelligent, Joyful",Unknown,https://cdn2.thedogapi.com/images/HyWGexcVQ.jpg
28,Basenji,Hunting,Hound,10 - 11,41 - 43,10 - 12 years,"Affectionate, Energetic, Alert, Curious, Playful, Intelligent",Unknown,https://cdn2.thedogapi.com/images/H1dGlxqNQ.jpg
29,Basset Bleu de Gascogne,Hunting on foot.,Hound,16 - 18,33 - 38,10 - 14 years,"Affectionate, Lively, Agile, Curious, Happy, Active",Unknown,https://cdn2.thedogapi.com/images/BkMQll94X.jpg
30,Basset Hound,Hunting by scent,Hound,23 - 29,36,12 - 15 years,"Tenacious, Friendly, Affectionate, Devoted, Sweet-Tempered, Gentle",Unknown,https://cdn2.thedogapi.com/images/Sy57xx9EX.jpg
31,Beagle,"Rabbit, hare hunting",Hound,9 - 16,33 - 38,13 - 16 years,"Amiable, Even Tempered, Excitable, Determined, Gentle, Intelligent",Unknown,https://cdn2.thedogapi.com/images/Syd4xxqEm.jpg
32,Bearded Collie,Sheep herding,Herding,20 - 25,51 - 56,12 - 14 years,"Self-confidence, Hardy, Lively, Alert, Intelligent, Active",Unknown,https://cdn2.thedogapi.com/images/A09F4c1qP.jpg
33,Beauceron,"Boar herding, hunting, guarding",Herding,36 - 50,61 - 70,10 - 12 years,"Fearless, Friendly, Intelligent, Protective, Calm",Unknown,https://cdn2.thedogapi.com/images/HJQ8ge5V7.jpg
34,Bedlington Terrier,"Killing rat, badger, other vermin",Terrier,8 - 10,38 - 41,14 - 16 years,"Affectionate, Spirited, Intelligent, Good-tempered",Unknown,https://cdn2.thedogapi.com/images/ByK8gx947.jpg
36,Belgian Malinois,Stock herding,Herding,18 - 36,56 - 66,12 - 14 years,"Watchful, Alert, Stubborn, Friendly, Confident, Hard-working, Active, Protective",Unknown,https://cdn2.thedogapi.com/images/r1f_ll5VX.jpg
38,Belgian Tervuren,"Guarding, Drafting, Police work.",Herding,18 - 29,56 - 66,10 - 12 years,"Energetic, Alert, Loyal, Intelligent, Attentive, Protective",Unknown,https://cdn2.thedogapi.com/images/B1KdxlcNX.jpg
41,Bernese Mountain Dog,Draft work,Working,29 - 54,58 - 70,7 - 10 years,"Affectionate, Loyal, Intelligent, Faithful",Unknown,https://cdn2.thedogapi.com/images/S1fFlx5Em.jpg
42,Bichon Frise,Companion,Non-Sporting,5 - 8,24 - 29,15 years,"Feisty, Affectionate, Cheerful, Playful, Gentle, Sensitive",Unknown,https://cdn2.thedogapi.com/images/HkuYlxqEQ.jpg
43,Black and Tan Coonhound,"Hunting raccoons, night hunting",Hound,29 - 45,58 - 69,10 - 12 years,"Easygoing, Gentle, Adaptable, Trusting, Even Tempered, Lovable",Unknown,https://cdn2.thedogapi.com/images/HJAFgxcNQ.jpg
45,Bloodhound,Trailing,Hound,36 - 50,58 - 69,8 - 10 years,"Stubborn, Affectionate, Gentle, Even Tempered",Unknown,https://cdn2.thedogapi.com/images/Skdcgx9VX.jpg
47,Bluetick Coonhound,Hunting with a superior sense of smell.,Hound,20 - 36,53 - 69,12 - 14 years,"Friendly, Intelligent, Active",Unknown,https://cdn2.thedogapi.com/images/rJxieg9VQ.jpg
48,Boerboel,"Guarding the homestead, farm work.",Working,50 - 91,56 - 69,10 - 12 years,"Obedient, Confident, Intelligent, Dominant, Territorial",Unknown,https://cdn2.thedogapi.com/images/HyOjge5Vm.jpg
50,Border Collie,Sheep herder,Herding,14 - 20,46 - 56,12 - 16 years,"Tenacious, Keen, Energetic, Responsive, Alert, Intelligent",Unknown,https://cdn2.thedogapi.com/images/sGQvQUpsp.jpg
51,Border Terrier,"Fox bolting, ratting",Terrier,5 - 7,28 - 41,12 - 14 years,"Fearless, Affectionate, Alert, Obedient, Intelligent, Even Tempered",Unknown,https://cdn2.thedogapi.com/images/HJOpge9Em.jpg
53,Boston Terrier,"Ratting, Companionship",Non-Sporting,5 - 11,41 - 43,11 - 13 years,"Friendly, Lively, Intelligent",Unknown,https://cdn2.thedogapi.com/images/rkZRggqVX.jpg
54,Bouvier des Flandres,Cattle herding,Herding,32 - 50,60 - 70,10 - 15 years,"Protective, Loyal, Gentle, Intelligent, Familial, Rational",Unknown,https://cdn2.thedogapi.com/images/Byd0xl5VX.jpg
55,Boxer,"Bull-baiting, guardian",Working,23 - 32,55 - 64,8 - 10 years,"Devoted, Fearless, Friendly, Cheerful, Energetic, Loyal, Playful, Confident, Intelligent, Bright, Brave, Calm",Unknown,https://cdn2.thedogapi.com/images/ry1kWe5VQ.jpg
56,Boykin Spaniel,Turkey retrieving,Sporting,11 - 18,36 - 46,10 - 14 years,"Friendly, Energetic, Companionable, Intelligent, Eager, Trainable",Unknown,https://cdn2.thedogapi.com/images/ryHJZlcNX.jpg
57,Bracco Italiano,Versatile gun dog,Sporting,25 - 40,55 - 67,10 - 12 years,"Stubborn, Affectionate, Loyal, Playful, Companionable, Trainable",Unknown,https://cdn2.thedogapi.com/images/S13yZg5VQ.jpg
58,Briard,"Herding, guarding sheep",Herding,32 - 41,56 - 69,10 - 12 years,"Fearless, Loyal, Obedient, Intelligent, Faithful, Protective",Unknown,https://cdn2.thedogapi.com/images/rkVlblcEQ.jpg
59,Brittany,"Pointing, retrieving",Sporting,14 - 20,44 - 52,12 - 14 years,"Agile, Adaptable, Quick, Intelligent, Attentive, Happy",Unknown,https://cdn2.thedogapi.com/images/HJWZZxc4X.jpg
61,Bull Terrier,"Bull baiting, Fighting",Terrier,23 - 32,53 - 56,10 - 12 years,"Trainable, Protective, Sweet-Tempered, Keen, Active",Unknown,https://cdn2.thedogapi.com/images/VSraIEQGd.jpg
62,Bull Terrier (Miniature),An elegant man's fashion statement,Unknown,11 - 15,25 - 36,11 – 14 years,"Trainable, Protective, Sweet-Tempered, Keen, Active, Territorial",Unknown,https://cdn2.thedogapi.com/images/BkKZWlcVX.jpg
64,Bullmastiff,Estate guardian,Working,45 - 59,61 - 69,8 - 12 years,"Docile, Reliable, Devoted, Alert, Loyal, Reserved, Loving, Protective, Powerful, Calm, Courageous",Unknown,https://cdn2.thedogapi.com/images/r1ifZl5E7.jpg
65,Cairn Terrier,"Bolting of otter, foxes, other vermin",Terrier,6 - 6,23 - 25,14 - 15 years,"Hardy, Fearless, Assertive, Gay, Intelligent, Active",Unknown,https://cdn2.thedogapi.com/images/Sk7Qbg9E7.jpg
67,Cane Corso,"Companion, guard dog, and hunter",Working,40 - 54,60 - 70,10 - 11 years,"Trainable, Reserved, Stable, Quiet, Even Tempered, Calm",Unknown,https://cdn2.thedogapi.com/images/r15m-lc4m.jpg
68,Cardigan Welsh Corgi,Cattle droving,Herding,11 - 17,27 - 32,12 - 14 years,"Affectionate, Devoted, Alert, Companionable, Intelligent, Active",Unknown,https://cdn2.thedogapi.com/images/SyXN-e9NX.jpg
69,Catahoula Leopard Dog,Driving livestock,Herding,23 - 43,51 - 66,10 - 12 years,"Energetic, Inquisitive, Independent, Gentle, Intelligent, Loving",Unknown,https://cdn2.thedogapi.com/images/BJcNbec4X.jpg
70,Caucasian Shepherd (Ovcharka),"Guard dogs, defending sheep from predators, mainly wolves, jackals and bears",Working,36 - 45,61 - 85,10 - 12 years,"Alert, Quick, Dominant, Powerful, Calm, Strong",Unknown,https://cdn2.thedogapi.com/images/r1rrWe5Em.jpg
71,Cavalier King Charles Spaniel,"Flushing small birds, companion",Toy,6 - 8,30 - 33,10 - 14 years,"Fearless, Affectionate, Sociable, Patient, Playful, Adaptable",Unknown,https://cdn2.thedogapi.com/images/HJRBbe94Q.jpg
76,Chesapeake Bay Retriever,Water Retriever,Sporting,25 - 36,53 - 66,10 - 13 years,"Affectionate, Intelligent, Quiet, Dominant, Happy, Protective",Unknown,https://cdn2.thedogapi.com/images/9BXwUeCc2.jpg
78,Chinese Crested,"Ratting, lapdog, curio",Toy,5 - 6,28 - 33,10 - 14 years,"Affectionate, Sweet-Tempered, Lively, Alert, Playful, Happy",Unknown,https://cdn2.thedogapi.com/images/B1pDZx9Nm.jpg
79,Chinese Shar-Pei,Fighting,Non-Sporting,20 - 27,46 - 51,10 years,"Suspicious, Affectionate, Devoted, Reserved, Independent, Loving",Unknown,https://cdn2.thedogapi.com/images/B1ruWl94Q.jpg
80,Chinook,Sled pulling,Working,23 - 41,56 - 66,12 - 15 years,"Friendly, Alert, Dignified, Intelligent, Calm",Unknown,https://cdn2.thedogapi.com/images/Sypubg54Q.jpg
81,Chow Chow,"Guardian, cart pulling, hunting",Non-Sporting,18 - 32,43 - 51,12 - 15 years,"Aloof, Loyal, Independent, Quiet",Unknown,https://cdn2.thedogapi.com/images/ry8KWgqEQ.jpg
84,Clumber Spaniel,"Bird flushing, retrieving",Sporting,25 - 39,43 - 51,10 - 12 years,"Affectionate, Loyal, Dignified, Gentle, Calm, Great-hearted",Unknown,https://cdn2.thedogapi.com/images/rkeqWgq4Q.jpg
86,Cocker Spaniel,"Bird flushing, retrieving",Sporting,9 - 14,36 - 38,12 - 15 years,"Trainable, Friendly, Affectionate, Playful, Quiet, Faithful",Unknown,https://cdn2.thedogapi.com/images/1lFmrzECl.jpg
87,Cocker Spaniel (American),Hunting the American woodcock,Sporting,9 - 14,36 - 38,12 - 15 years,"Outgoing, Sociable, Trusting, Joyful, Even Tempered, Merry",Unknown,https://cdn2.thedogapi.com/images/HkRcZe547.jpg
89,Coton de Tulear,"Accompanying ladies on long sea voyages, ratters onboard ship.",Non-Sporting,4 - 7,23 - 28,13 - 16 years,"Affectionate, Lively, Playful, Intelligent, Trainable, Vocal",Unknown,https://cdn2.thedogapi.com/images/SyviZlqNm.jpg
92,Dalmatian,Carriage dog - trot alongside carriages to protect the occupants from banditry or other interference,Non-Sporting,23 - 25,48 - 58,10 - 13 years,"Outgoing, Friendly, Energetic, Playful, Sensitive, Intelligent, Active",Unknown,https://cdn2.thedogapi.com/images/SkJ3blcN7.jpg
94,Doberman Pinscher,Guardian,Working,30 - 40,61 - 71,10 years,"Fearless, Energetic, Alert, Loyal, Obedient, Confident, Intelligent",Unknown,https://cdn2.thedogapi.com/images/HyL3bl94Q.jpg
95,Dogo Argentino,Big-game hunting,Working,36 - 45,60 - 69,10 - 12 years,"Friendly, Affectionate, Cheerful, Loyal, Tolerant, Protective",Unknown,https://cdn2.thedogapi.com/images/S1nhWx94Q.jpg
98,Dutch Shepherd,"Farms, watchdog, guard duty",Unknown,23 - 32,56 - 62,15 years,"Reliable, Affectionate, Alert, Loyal, Obedient, Trainable",Unknown,https://cdn2.thedogapi.com/images/BkE6Wg5E7.jpg
101,English Setter,"Bird setting, retrieving",Sporting,20 - 36,61 - 64,12 years,"Strong Willed, Mischievous, Affectionate, Energetic, Playful, Companionable, Gentle, Hard-working, Intelligent, Eager, People-Oriented",Unknown,https://cdn2.thedogapi.com/images/By4A-eqVX.jpg
102,English Shepherd,"Herding & guarding livestock, farm watch dog",Working,20 - 30,46 - 58,10 - 13 years,"Kind, Energetic, Independent, Adaptable, Intelligent, Bossy",Unknown,https://cdn2.thedogapi.com/images/H1QyMe5EQ.jpg
103,English Springer Spaniel,"Bird flushing, retrieving",Sporting,16 - 23,48 - 51,12 - 14 years,"Affectionate, Cheerful, Alert, Intelligent, Attentive, Active",Unknown,https://cdn2.thedogapi.com/images/Hk0Jfe5VQ.jpg
104,English Toy Spaniel,Companion of kings,Toy,4 - 6,25,10 - 12 years,"Affectionate, Reserved, Playful, Gentle, Happy, Loving",Unknown,https://cdn2.thedogapi.com/images/SkIgzxqNQ.jpg
105,English Toy Terrier,Rat-baiting,Unknown,3 - 4,25 - 30,12 - 13 years,"Stubborn, Alert, Companionable, Intelligent, Cunning, Trainable",Unknown,https://cdn2.thedogapi.com/images/SJ6eMxqEQ.jpg
107,Eurasier,Companionship,Non-Sporting,18 - 32,52 - 60,12 - 14 years,"Alert, Reserved, Intelligent, Even Tempered, Watchful, Calm",Unknown,https://cdn2.thedogapi.com/images/S1VWGx9Nm.jpg
108,Field Spaniel,"Bird flushing, retrieving",Sporting,16 - 23,43 - 46,11 - 15 years,"Docile, Cautious, Sociable, Sensitive, Adaptable, Familial",Unknown,https://cdn2.thedogapi.com/images/SkJfGecE7.jpg
110,Finnish Lapphund,Herding reindeer,Herding,15 - 24,41 - 53,12 - 15 years,"Friendly, Keen, Faithful, Calm, Courageous",Unknown,https://cdn2.thedogapi.com/images/S1KMGg5Vm.jpg
111,Finnish Spitz,"Hunting birds, small mammals",Non-Sporting,10 - 13,39 - 51,12 - 15 years,"Playful, Loyal, Independent, Intelligent, Happy, Vocal",Unknown,https://cdn2.thedogapi.com/images/3PjHlQbkV.jpg
113,French Bulldog,Lapdog,Non-Sporting,13,28 - 30,9 - 11 years,"Playful, Affectionate, Keen, Sociable, Lively, Alert, Easygoing, Patient, Athletic, Bright",Unknown,https://cdn2.thedogapi.com/images/HyWNfxc47.jpg
114,German Pinscher,"Watchdog, Hunting vermin on the farm.",Working,11 - 20,43 - 51,12 - 14 years,"Spirited, Lively, Intelligent, Loving, Even Tempered, Familial",Unknown,https://cdn2.thedogapi.com/images/B1u4zgqE7.jpg
115,German Shepherd Dog,"Herding, Guard dog",Herding,23 - 41,56 - 66,10 - 13 years,"Alert, Loyal, Obedient, Curious, Confident, Intelligent, Watchful, Courageous",Unknown,https://cdn2.thedogapi.com/images/SJyBfg5NX.jpg
116,German Shorthaired Pointer,General hunting,Sporting,20 - 32,53 - 64,12 - 14 years,"Boisterous, Bold, Affectionate, Intelligent, Cooperative, Trainable",Unknown,https://cdn2.thedogapi.com/images/SJqBMg5Nm.jpg
119,Giant Schnauzer,"Herding, guarding",Working,29 - 41,60 - 70,10 - 12 years,"Strong Willed, Kind, Loyal, Intelligent, Dominant, Powerful",Unknown,https://cdn2.thedogapi.com/images/H1NIzlcV7.jpg
120,Glen of Imaal Terrier,"Rid the home and farm of vermin, and hunt badger and fox",Terrier,15 - 18,32 - 36,12 - 15 years,"Spirited, Agile, Loyal, Gentle, Active, Courageous",Unknown,https://cdn2.thedogapi.com/images/H1oLMe94m.jpg
121,Golden Retriever,Retrieving,Sporting,25 - 34,55 - 61,10 - 12 years,"Intelligent, Kind, Reliable, Friendly, Trustworthy, Confident",Unknown,https://cdn2.thedogapi.com/images/HJ7Pzg5EQ.jpg
123,Gordon Setter,Find and point gamebirds,Sporting,20 - 36,58 - 69,10 - 12 years,"Fearless, Alert, Loyal, Confident, Gay, Eager",Unknown,https://cdn2.thedogapi.com/images/SJ5vzx5NX.jpg
124,Great Dane,"Hunting & holding boars, Guardian",Working,50 - 86,71 - 81,7 - 10 years,"Friendly, Devoted, Reserved, Gentle, Confident, Loving",Unknown,https://cdn2.thedogapi.com/images/B1Edfl9NX.jpg
125,Great Pyrenees,Sheep guardian,Working,39 - 52,64 - 81,10 - 12 years,"Strong Willed, Fearless, Affectionate, Patient, Gentle, Confident",Unknown,https://cdn2.thedogapi.com/images/B12uzg9V7.jpg
127,Greyhound,Coursing hares,Hound,23 - 32,69 - 76,10 - 13 years,"Affectionate, Athletic, Gentle, Intelligent, Quiet, Even Tempered",Unknown,https://cdn2.thedogapi.com/images/ryNYMx94X.jpg
128,Griffon Bruxellois,Hunt and kill vermin in stables,Unknown,5,23 - 28,10 – 15 years,"Self-important, Inquisitive, Alert, Companionable, Sensitive, Watchful",Unknown,https://cdn2.thedogapi.com/images/ryoYGec4Q.jpg
129,Harrier,Hunting hares by trailing them,Hound,18 - 27,46 - 56,12 - 15 years,"Outgoing, Friendly, Cheerful, Sweet-Tempered, Tolerant, Active",Unknown,https://cdn2.thedogapi.com/images/B1IcfgqE7.jpg
130,Havanese,Companionship,Toy,3 - 6,22 - 29,14 - 15 years,"Affectionate, Responsive, Playful, Companionable, Gentle, Intelligent",Unknown,https://cdn2.thedogapi.com/images/rkXiGl9V7.jpg
134,Irish Setter,"Bird setting, retrieving",Sporting,16 - 32,61 - 69,10 - 11 years,"Affectionate, Energetic, Lively, Independent, Playful, Companionable",Unknown,https://cdn2.thedogapi.com/images/S1osGeqVm.jpg
135,Irish Terrier,Unknown,Terrier,11 - 12,46,12 - 16 years,"Respectful, Lively, Intelligent, Dominant, Protective, Trainable",Unknown,https://cdn2.thedogapi.com/images/By-hGecVX.jpg
137,Irish Wolfhound,"Coursing wolves, elk",Hound,48 - 82,76 - 89,6 - 8 years,"Sweet-Tempered, Loyal, Dignified, Patient, Thoughtful, Generous",Unknown,https://cdn2.thedogapi.com/images/Hyd2zgcEX.jpg
138,Italian Greyhound,Lapdog,Toy,3 - 7,33 - 38,12 - 15 years,"Mischievous, Affectionate, Agile, Athletic, Companionable, Intelligent",Unknown,https://cdn2.thedogapi.com/images/SJAnzg9NX.jpg
140,Japanese Chin,Lapdog,Toy,2 - 4,20 - 28,12 - 14 years,"Alert, Loyal, Independent, Intelligent, Loving, Cat-like",Unknown,https://cdn2.thedogapi.com/images/r1H6feqEm.jpg
141,Japanese Spitz,Companion,Unknown,7 - 9,30 - 38,10 – 16 years,"Affectionate, Obedient, Playful, Companionable, Intelligent, Proud",Unknown,https://cdn2.thedogapi.com/images/HksaMxqNX.jpg
142,Keeshond,Barge watchdog,Non-Sporting,16 - 20,43 - 46,12 - 15 years,"Agile, Obedient, Playful, Quick, Sturdy, Bright",Unknown,https://cdn2.thedogapi.com/images/S1GAGg9Vm.jpg
144,Komondor,Sheep guardian,Working,36 - 45,65 - 70,10 - 12 years,"Steady, Fearless, Affectionate, Independent, Gentle, Calm",Unknown,https://cdn2.thedogapi.com/images/Bko0fl547.jpg
145,Kooikerhondje,"Luring ducks into traps - ""tolling""",Sporting,9 - 14,36 - 41,12 - 15 years,"Benevolent, Agile, Alert, Intelligent, Active, Territorial",Unknown,https://cdn2.thedogapi.com/images/kOMy84GQE.jpg
147,Kuvasz,"Guardian, hunting large game",Working,32 - 52,66 - 76,8 - 10 years,"Clownish, Loyal, Patient, Independent, Intelligent, Protective",Unknown,https://cdn2.thedogapi.com/images/BykZ7ecVX.jpg
149,Labrador Retriever,Water retrieving,Sporting,25 - 36,55 - 62,10 - 13 years,"Kind, Outgoing, Agile, Gentle, Intelligent, Trusting, Even Tempered",Unknown,https://cdn2.thedogapi.com/images/B1uW7l5VX.jpg
151,Lagotto Romagnolo,Water retrieval dog in the marshes of Romagna,Sporting,11 - 16,41 - 48,14 - 16 years,"Keen, Loyal, Companionable, Loving, Active, Trainable",Unknown,https://cdn2.thedogapi.com/images/ryzzmgqE7.jpg
153,Lancashire Heeler,"Cattle herding, Ratting, Driving cattle to market.",Unknown,3 - 6,25 - 30,12 – 15 years,"Clever, Friendly, Alert, Intelligent",Unknown,https://cdn2.thedogapi.com/images/S1RGml5Em.jpg
155,Leonberger,"Guardian, appearance.",Working,54 - 77,65 - 80,6 - 8 years,"Obedient, Fearless, Loyal, Companionable, Adaptable, Loving",Unknown,https://cdn2.thedogapi.com/images/ByrmQlqVm.jpg
156,Lhasa Apso,"Guarding inside the home, companion",Non-Sporting,5 - 8,25 - 28,12 - 15 years,"Steady, Fearless, Friendly, Devoted, Assertive, Spirited, Energetic, Lively, Alert, Obedient, Playful, Intelligent",Unknown,https://cdn2.thedogapi.com/images/SJp7Qe5EX.jpg
161,Maltese,Lapdog,Toy,2 - 3,20 - 25,15 - 18 years,"Playful, Docile, Fearless, Affectionate, Sweet-Tempered, Lively, Responsive, Easygoing, Gentle, Intelligent, Active",Unknown,https://cdn2.thedogapi.com/images/B1SV7gqN7.jpg
165,Miniature American Shepherd,Unknown,Herding,9 - 18,33 - 46,12 - 15 years,"Energetic, Loyal, Intelligent, Trainable",Unknown,https://cdn2.thedogapi.com/images/BkHHQgcN7.jpg
167,Miniature Pinscher,Small vermin hunting,Toy,4 - 5,25 - 32,15 years,"Clever, Outgoing, Friendly, Energetic, Responsive, Playful",Unknown,https://cdn2.thedogapi.com/images/Hy3H7g94X.jpg
168,Miniature Schnauzer,Ratting,Terrier,5 - 9,30 - 36,12 - 14 years,"Fearless, Friendly, Spirited, Alert, Obedient, Intelligent",Unknown,https://cdn2.thedogapi.com/images/SJIUQl9NX.jpg
171,Newfoundland,"All purpose water dog, fishing aid",Working,45 - 68,66 - 71,8 - 10 years,"Sweet-Tempered, Gentle, Trainable",Unknown,https://cdn2.thedogapi.com/images/Sk4DXl54m.jpg
172,Norfolk Terrier,"Ratting, fox bolting",Terrier,5 - 5,23 - 25,12 - 15 years,"Self-confidence, Fearless, Spirited, Companionable, Happy, Lovable",Unknown,https://cdn2.thedogapi.com/images/B1ADQg94X.jpg
176,Norwich Terrier,"Ratting, fox bolting",Terrier,5 - 5,25,12 - 15 years,"Hardy, Affectionate, Energetic, Sensitive, Intelligent",Unknown,https://cdn2.thedogapi.com/images/BkgKXlqE7.jpg
177,Nova Scotia Duck Tolling Retriever,Unknown,Sporting,16 - 23,43 - 53,12 - 14 years,"Outgoing, Alert, Patient, Intelligent, Loving",Unknown,https://cdn2.thedogapi.com/images/SyYtQe5V7.jpg
178,Old English Sheepdog,"Driving sheep, cattle",Herding,27 - 45,53,10 - 12 years,"Sociable, Bubbly, Playful, Adaptable, Intelligent, Loving",Unknown,https://cdn2.thedogapi.com/images/HkZ57lq4m.jpg
179,Olde English Bulldogge,Unknown,Unknown,NaN,38 - 48,9 – 14 years,"Friendly, Alert, Confident, Loving, Courageous, Strong",Unknown,https://cdn2.thedogapi.com/images/B1d5me547.jpg
181,Papillon,Lapdog,Toy,1 - 5,20 - 28,13 - 17 years,"Hardy, Friendly, Energetic, Alert, Intelligent, Happy",Unknown,https://cdn2.thedogapi.com/images/SkJj7e547.jpg
183,Pekingese,Lapdog,Toy,6,15 - 23,14 - 18 years,"Opinionated, Good-natured, Stubborn, Affectionate, Aggressive, Intelligent",Unknown,https://cdn2.thedogapi.com/images/ByIiml9Nm.jpg
184,Pembroke Welsh Corgi,Driving stock to market in northern Wales,Herding,11 - 14,25 - 30,12 - 14 years,"Tenacious, Outgoing, Friendly, Bold, Playful, Protective",Unknown,https://cdn2.thedogapi.com/images/rJ6iQeqEm.jpg
185,Perro de Presa Canario,Unknown,Working,40 - 50,56 - 65,10 - 12 years,"Strong Willed, Suspicious, Gentle, Dominant, Calm",Unknown,https://cdn2.thedogapi.com/images/S1V3Qeq4X.jpg
188,Pharaoh Hound,Hunting rabbits,Hound,18 - 27,53 - 64,12 - 14 years,"Affectionate, Sociable, Playful, Intelligent, Active, Trainable",Unknown,https://cdn2.thedogapi.com/images/Byz6mgqEQ.jpg
189,Plott,Hunting big-game like Boar.,Hound,18 - 27,51 - 64,12 - 14 years,"Bold, Alert, Loyal, Intelligent",Unknown,https://cdn2.thedogapi.com/images/B1i67l5VQ.jpg
193,Pomeranian,Companion,Toy,1 - 3,20 - 30,15 years,"Extroverted, Friendly, Sociable, Playful, Intelligent, Active",Unknown,https://cdn2.thedogapi.com/images/HJd0XecNX.jpg
196,Poodle (Miniature),Unknown,Unknown,7 - 8,28 - 38,12 – 15 years,Unknown,Unknown,https://cdn2.thedogapi.com/images/Hkxk4ecVX.jpg
197,Poodle (Toy),Unknown,Unknown,3 - 4,23 - 28,18 years,Unknown,Unknown,https://cdn2.thedogapi.com/images/rJFJVxc4m.jpg
201,Pug,Lapdog,Toy,6 - 8,25 - 30,12 - 14 years,"Docile, Clever, Charming, Stubborn, Sociable, Playful, Quiet, Attentive",Unknown,https://cdn2.thedogapi.com/images/HyJvcl9N7.jpg
204,Puli,Herding,Herding,11 - 16,41 - 43,12 - 16 Years years,"Energetic, Agile, Loyal, Obedient, Intelligent, Faithful",Unknown,https://cdn2.thedogapi.com/images/ryPgVl5N7.jpg
205,Pumi,Unknown,Herding,8 - 15,38 - 47,13 - 15 years,"Lively, Reserved, Intelligent, Active, Protective, Vocal",Unknown,https://cdn2.thedogapi.com/images/SyRe4xcN7.jpg
207,Rat Terrier,Unknown,Terrier,4 - 11,25 - 33,12 - 18 years,"Affectionate, Lively, Inquisitive, Alert, Intelligent, Loving",Unknown,https://cdn2.thedogapi.com/images/HkXWNl9E7.jpg
208,Redbone Coonhound,"Hunting raccoon, deer, bear, and cougar.",Hound,20 - 36,53 - 69,10 - 12 years,"Affectionate, Energetic, Independent, Companionable, Familial, Unflappable",Unknown,https://cdn2.thedogapi.com/images/HJMzEl5N7.jpg
209,Rhodesian Ridgeback,"Big game hunting, guarding",Hound,34 - 36,61 - 69,10 - 12 years,"Strong Willed, Mischievous, Loyal, Dignified, Sensitive, Intelligent",Unknown,https://cdn2.thedogapi.com/images/By9zNgqE7.jpg
210,Rottweiler,"Cattle drover, guardian, draft",Working,34 - 50,56 - 69,8 - 10 years,"Steady, Good-natured, Fearless, Devoted, Alert, Obedient, Confident, Self-assured, Calm, Courageous",Unknown,https://cdn2.thedogapi.com/images/r1xXEgcNX.jpg
211,Russian Toy,Unknown,Toy,1 - 3,19 - 27,10 - 12 years,Unknown,Unknown,https://cdn2.thedogapi.com/images/HkP7Vxc4Q.jpg
212,Saint Bernard,"Draft, search, rescue",Working,59 - 82,65 - 70,7 - 10 years,"Friendly, Lively, Gentle, Watchful, Calm",Unknown,https://cdn2.thedogapi.com/images/_Qf9nfRzL.jpg
213,Saluki,Coursing gazelle and hare,Hound,16 - 29,58 - 71,12 - 14 years,"Aloof, Reserved, Intelligent, Quiet",Unknown,https://cdn2.thedogapi.com/images/fjFIuehNo.jpg
214,Samoyed,"Herding reindeer, guardian, draft",Working,23 - 27,48 - 60,12 - 14 years,"Stubborn, Friendly, Sociable, Lively, Alert, Playful",Unknown,https://cdn2.thedogapi.com/images/S1T8Ee9Nm.jpg
216,Schipperke,Barge watchdog,Non-Sporting,5 - 7,25 - 33,13 - 15 years,"Fearless, Agile, Curious, Independent, Confident, Faithful",Unknown,https://cdn2.thedogapi.com/images/SyBvVgc47.jpg
218,Scottish Deerhound,Coursing deer,Hound,32 - 59,71 - 81,8 - 10 years,"Docile, Friendly, Dignified, Gentle",Unknown,https://cdn2.thedogapi.com/images/SkNjqx9NQ.jpg
219,Scottish Terrier,Vermin hunting,Terrier,8 - 10,25,11 - 13 years,"Feisty, Alert, Independent, Playful, Quick, Self-assured",Unknown,https://cdn2.thedogapi.com/images/Bklnce5NX.jpg
221,Shetland Sheepdog,Sheep herding,Herding,14,33 - 41,12 - 14 years,"Affectionate, Lively, Responsive, Alert, Loyal, Reserved, Playful, Gentle, Intelligent, Active, Trainable, Strong",Unknown,https://cdn2.thedogapi.com/images/rJa29l9E7.jpg
222,Shiba Inu,"Hunting in the mountains of Japan, Alert Watchdog",Non-Sporting,8 - 10,34 - 42,12 - 16 years,"Charming, Fearless, Keen, Alert, Confident, Faithful",Unknown,https://cdn2.thedogapi.com/images/Zn3IjPX3f.jpg
223,Shih Tzu,Lapdog,Toy,4 - 7,20 - 28,10 - 18 years,"Clever, Spunky, Outgoing, Friendly, Affectionate, Lively, Alert, Loyal, Independent, Playful, Gentle, Intelligent, Happy, Active, Courageous",Unknown,https://cdn2.thedogapi.com/images/BkrJjgcV7.jpg
225,Shiloh Shepherd,"Swimming, Carrying backpacks, Pulling carts or sleds",Unknown,54 - 64,66 - 76,9 – 14 years,"Outgoing, Loyal, Companionable, Gentle, Loving, Trainable",Unknown,https://cdn2.thedogapi.com/images/SJJxjecEX.jpg
226,Siberian Husky,Sled pulling,Working,16 - 27,51 - 60,12 years,"Outgoing, Friendly, Alert, Gentle, Intelligent",Unknown,https://cdn2.thedogapi.com/images/S17ZilqNm.jpg
228,Silky Terrier,"Small vermin hunting, companionship",Toy,4 - 5,23 - 25,12 - 15 years,"Friendly, Responsive, Inquisitive, Alert, Quick, Joyful",Unknown,https://cdn2.thedogapi.com/images/ByzGsl5Nm.jpg
232,Smooth Fox Terrier,Fox bolting,Terrier,NaN - 8,39,12 - 14 years,"Fearless, Affectionate, Alert, Playful, Intelligent, Active",Unknown,https://cdn2.thedogapi.com/images/Syszjx9Em.jpg
233,Soft Coated Wheaten Terrier,"Vermin hunting, guarding, all-around farm helper",Terrier,14 - 18,41 - 46,12 - 15 years,"Affectionate, Spirited, Energetic, Playful, Intelligent, Faithful",Unknown,https://cdn2.thedogapi.com/images/HJHmix5NQ.jpg
235,Spanish Water Dog,Herding flocks of sheep and goats from one pasture to another,Sporting,14 - 23,41 - 51,12 - 15 years,"Trainable, Diligent, Affectionate, Loyal, Athletic, Intelligent",Unknown,https://cdn2.thedogapi.com/images/HJf4jl9VX.jpg
236,Spinone Italiano,Unknown,Sporting,28 - 39,57 - 70,10 - 12 years,"Docile, Friendly, Affectionate, Loyal, Patient, Gentle",Unknown,https://cdn2.thedogapi.com/images/rk5Eoe5Nm.jpg
238,Staffordshire Bull Terrier,,Terrier,11 - 17,36 - 41,12 - 14 years,"Reliable, Fearless, Bold, Affectionate, Loyal, Intelligent, Courageous",Unknown,https://cdn2.thedogapi.com/images/H1zSie9V7.jpg
239,Standard Schnauzer,"Ratting, guarding",Working,14 - 23,44 - 50,13 - 15 years,"Trainable, Good-natured, Devoted, Lively, Playful, Intelligent",Unknown,https://cdn2.thedogapi.com/images/tmzeu6ID_.jpg
242,Swedish Vallhund,Unknown,Herding,9 - 14,29 - 34,12 - 14 years,"Fearless, Friendly, Energetic, Alert, Intelligent, Watchful",Unknown,https://cdn2.thedogapi.com/images/HJ-Dix94Q.jpg
243,Thai Ridgeback,Unknown,Hound,16 - 25,51 - 61,10 - 12 years,"Protective, Loyal, Independent, Intelligent, Loving, Familial",Unknown,https://cdn2.thedogapi.com/images/zv89hR-O8.jpg
244,Tibetan Mastiff,Unknown,Working,39 - 64,61 - 66,10 - 14 years,"Strong Willed, Tenacious, Aloof, Stubborn, Intelligent, Protective",Unknown,https://cdn2.thedogapi.com/images/SkM9sec47.jpg
245,Tibetan Spaniel,Unknown,Non-Sporting,4 - 7,25,12 - 15 years,"Willful, Aloof, Assertive, Independent, Playful, Intelligent, Happy",Unknown,https://cdn2.thedogapi.com/images/Hyjcol947.jpg
246,Tibetan Terrier,"Good luck charms, mascots, watchdogs, herding dogs, and companions",Non-Sporting,9 - 11,36 - 43,12 - 15 years,"Affectionate, Energetic, Amiable, Reserved, Gentle, Sensitive",Unknown,https://cdn2.thedogapi.com/images/6f5n_42mB.jpg
248,Toy Fox Terrier,Unknown,Toy,2 - 4,20 - 28,12 - 15 years,"Friendly, Spirited, Alert, Loyal, Playful, Intelligent",Unknown,https://cdn2.thedogapi.com/images/B17ase9V7.jpg
250,Treeing Walker Coonhound,Unknown,Hound,20 - 36,51 - 69,10 - 13 years,"Clever, Affectionate, Confident, Intelligent, Loving, Trainable",Unknown,https://cdn2.thedogapi.com/images/SkRpsgc47.jpg
251,Vizsla,Pointing and trailing,Sporting,23 - 29,53 - 61,10 - 14 years,"Affectionate, Energetic, Loyal, Gentle, Quiet",Unknown,https://cdn2.thedogapi.com/images/r1o0jx9Em.jpg
253,Weimaraner,Large game trailing and versatile gundog,Sporting,25 - 41,58 - 69,12 - 15 years,"Steady, Aloof, Stubborn, Energetic, Alert, Intelligent, Powerful, Fast",Unknown,https://cdn2.thedogapi.com/images/SyU12l9V7.jpg
254,Welsh Springer Spaniel,Flushing and retrieving birds,Sporting,16 - 25,43 - 48,12 - 15 years,"Stubborn, Friendly, Affectionate, Loyal, Playful, Active",Unknown,https://cdn2.thedogapi.com/images/BJ1gnx5Vm.jpg
256,West Highland White Terrier,"Fox, badger, vermin hunting",Terrier,7 - 10,25 - 28,15 - 20 years,"Hardy, Friendly, Alert, Independent, Gay, Active, Courageous",Unknown,https://cdn2.thedogapi.com/images/Bkdx2g5Em.jpg
257,Whippet,"Coursing, racing",Hound,11 - 16,46 - 56,12 - 15 years,"Friendly, Affectionate, Lively, Gentle, Intelligent, Quiet",Unknown,https://cdn2.thedogapi.com/images/Hyv-ne94m.jpg
258,White Shepherd,Unknown,Unknown,27 - 39,56 - 64,12 – 14 years,"Self-confidence, Aloof, Fearless, Alert, Companionable, Eager",Unknown,https://cdn2.thedogapi.com/images/r14M3e9E7.jpg
259,Wire Fox Terrier,"Vermin hunting, fox bolting",Unknown,7 - 9,33 - 41,13 – 14 years,"Fearless, Friendly, Bold, Keen, Alert, Quick",Unknown,https://cdn2.thedogapi.com/images/SJ6f2g9EQ.jpg
260,Wirehaired Pointing Griffon,"Gundog, ""swamp-tromping"", Flushing, pointing, and retrieving water fowl & game birds",Sporting,20 - 32,51 - 61,12 - 14 years,"Loyal, Gentle, Vigilant, Trainable, Proud",Unknown,https://cdn2.thedogapi.com/images/Bkam2l9Vm.jpg
261,Wirehaired Vizsla,Unknown,Sporting,20 - 29,55 - 64,12 - 14 years,Unknown,Unknown,https://cdn2.thedogapi.com/images/r1I4hl5Em.jpg
262,Xoloitzcuintli,Unknown,Non-Sporting,4 - 14,25 - 58,12 - 14 years,"Cheerful, Alert, Companionable, Intelligent, Protective, Calm",Unknown,https://cdn2.thedogapi.com/images/HkNS3gqEm.jpg
264,Yorkshire Terrier,Small vermin hunting,Toy,2 - 3,20 - 23,12 - 16 years,"Bold, Independent, Confident, Intelligent, Courageous",Unknown,https://cdn2.thedogapi.com/images/B12BnxcVQ.jpg
